gen,best_score,mean_score,median_score,std_score,avg_trades,best_trades,best_cagr,best_sharpe,best_sortino,best_pf,best_maxdd,best_calmar,best_expectancy
0,2.2163505287911236,1.004916862562684,0.805912687022158,0.7700781162049792,39.53333333333333,40,3.0,5.0,5.0,3.5303953809674096,0.018652323495342713,160.8378709895884,632.0751910384724
1,2.2163505287911236,1.6297130438080296,1.984976662222104,0.693371340336222,63.733333333333334,40,3.0,5.0,5.0,3.5303953809674096,0.018652323495342713,160.8378709895884,632.0751910384724
2,2.2906427043091493,1.688223157755703,2.014172536675208,0.6271921853183333,58.3,52,3.0,5.0,5.0,5.6386036364619025,0.02497744209123774,120.10837575127123,924.9120079511175
3,2.469931982112736,1.7889573728876305,2.107994961207228,0.6487531325247208,58.78333333333333,47,3.0,5.0,5.0,10.0,0.017154342013636466,174.88283710416965,1709.690142137279
4,2.469931982112736,1.74049471599881,2.1116429441450664,0.7262881088939354,52.541666666666664,47,3.0,5.0,5.0,10.0,0.017154342013636466,174.88283710416965,1709.690142137279
5,2.469931982112736,1.6640315742169345,2.116049534219627,0.8194058485917525,49.775,47,3.0,5.0,5.0,10.0,0.017154342013636466,174.88283710416965,1709.690142137279
6,2.470781857192046,1.7866852770299713,2.1668418249979036,0.7365221603041883,54.666666666666664,41,3.0,5.0,5.0,10.0,0.006819261033521285,439.9303656588256,1044.3413354588317
7,2.470781857192046,1.7152969525981254,2.1564131180835786,0.8061682088701682,56.56666666666667,41,3.0,5.0,5.0,10.0,0.006819261033521285,439.9303656588256,1044.3413354588317
8,2.4806334646823576,1.7019715633179706,2.119521638429585,0.8120753946666962,52.125,42,3.0,5.0,5.0,10.0,0.002769439105772836,1083.2518374376114,857.358567184723
9,2.4806334646823576,1.6688811790755191,2.1057327796476955,0.8543872742404038,54.95,42,3.0,5.0,5.0,10.0,0.002769439105772836,1083.2518374376114,857.358567184723
10,2.4806334646823576,1.6924529489458777,2.1451257795267327,0.8466716255623631,50.94166666666667,42,3.0,5.0,5.0,10.0,0.002769439105772836,1083.2518374376114,857.358567184723
11,2.4850687581657436,1.5618619384825965,2.0479314762274945,0.8836992612681881,47.4,32,3.0,5.0,5.0,10.0,0.002403413107525496,1248.2248643008932,743.2101960368814
12,2.4850687581657436,1.7715417905501354,2.1562418815144855,0.8067769197600221,53.46666666666667,32,3.0,5.0,5.0,10.0,0.002403413107525496,1248.2248643008932,743.2101960368814
13,2.4888684742885685,1.697102768751157,2.149696073602117,0.8748941415691944,50.2,32,3.0,5.0,5.0,10.0,0.0006995646581899516,4288.381302397662,857.5566802545557
14,2.4894438374889187,1.6777822699194027,2.153910339955507,0.8835740381422701,45.975,32,3.0,5.0,5.0,10.0,0.0007316806581848942,4100.149384079941,735.8978452333073
15,2.4894438374889187,1.6056291070980713,2.099398430769705,0.9015892110377697,38.46666666666667,32,3.0,5.0,5.0,10.0,0.0007316806581848942,4100.149384079941,735.8978452333073
16,2.489481306323108,1.5586946423517611,2.0541521639728417,0.9176936339546851,34.358333333333334,33,3.0,5.0,5.0,10.0,0.0005784121151565734,5186.61335298607,532.9898964009842
17,2.489481306323108,1.6239610071182933,2.154193641570714,0.9363081254652131,31.075,33,3.0,5.0,5.0,10.0,0.0005784121151565734,5186.61335298607,532.9898964009842
18,2.4914433181729567,1.562280478432062,2.1088979028436077,0.9758635921453626,31.5,33,3.0,5.0,5.0,10.0,0.0007358069519786572,4077.156368165189,447.230476598376
19,2.4914433181729567,1.751628570972534,2.1654036496785323,0.8355098526715272,30.566666666666666,33,3.0,5.0,5.0,10.0,0.0007358069519786572,4077.156368165189,447.230476598376
20,2.4914433181729567,1.570315594189669,2.1604870340514655,0.9776681244624649,26.533333333333335,33,3.0,5.0,5.0,10.0,0.0007358069519786572,4077.156368165189,447.230476598376
21,2.492898467515764,1.5517191887387947,2.1574608980523085,1.0009177725758958,24.108333333333334,36,3.0,5.0,5.0,10.0,0.00037093219542939183,8087.731496391663,318.1793495070631
22,2.492898467515764,1.7800733976874237,2.2442054639207587,0.8182124468089033,31.466666666666665,36,3.0,5.0,5.0,10.0,0.00037093219542939183,8087.731496391663,318.1793495070631
23,2.492898467515764,1.6529567995585912,2.0337874414215644,0.9031319545744886,28.408333333333335,36,3.0,5.0,5.0,10.0,0.00037093219542939183,8087.731496391663,318.1793495070631
24,2.492898467515764,1.5643937662745173,1.9893577048693634,0.9226568256307476,26.516666666666666,36,3.0,5.0,5.0,10.0,0.00037093219542939183,8087.731496391663,318.1793495070631
25,2.492898467515764,1.541673267141328,1.9023680089200794,0.9169604881241546,28.566666666666666,36,3.0,5.0,5.0,10.0,0.00037093219542939183,8087.731496391663,318.1793495070631
26,2.4929813763059308,1.6365456073619946,1.9877421413436416,0.8729804847202919,29.641666666666666,31,3.0,5.0,5.0,10.0,0.00031399801665494143,9554.200475402235,333.0920974061418
27,2.493203313853592,1.6783328847388088,2.110988694074355,0.8783682653036756,35.375,33,3.0,5.0,5.0,10.0,0.0004064023151573246,7381.847711272643,323.3234400705528
28,2.493203313853592,1.6201191867361109,2.020255201095206,0.9045270118556992,31.983333333333334,33,3.0,5.0,5.0,10.0,0.0004064023151573246,7381.847711272643,323.3234400705528
29,2.493364251882361,1.564631497353605,1.7554805848323567,0.9229434914424373,29.583333333333332,37,3.0,5.0,5.0,10.0,0.0002899810340196278,10345.50418148016,284.3717174211136
30,2.4935328385988718,1.6078583168578824,1.752086217902821,0.8832845627436946,28.791666666666668,33,3.0,5.0,5.0,10.0,0.00035649299760680855,8415.312559123051,333.06482344147304
31,2.4942343836511256,1.6955185877807395,2.1586483245573644,0.9261645645940779,32.708333333333336,32,3.0,5.0,5.0,10.0,0.0004108475804464279,7301.978015156359,313.527285972053
32,2.4942343836511256,1.5624332959889642,2.0021491447802284,0.9832132180360499,29.016666666666666,32,3.0,5.0,5.0,10.0,0.0004108475804464279,7301.978015156359,313.527285972053
33,2.494585833134776,1.5264639988735218,1.8212990919190868,0.8864733029329818,31.141666666666666,37,3.0,5.0,5.0,10.0,0.0004019323206883967,7463.943170486628,368.83000775973755
34,2.495113592476998,1.4210692115843784,1.5355827702739893,0.9375140081922656,28.6,36,3.0,5.0,5.0,10.0,0.000323079394362121,9285.643257822483,277.136335919515
35,2.495113592476998,1.5814837335279919,1.782076101610389,0.8739419637528364,32.416666666666664,36,3.0,5.0,5.0,10.0,0.000323079394362121,9285.643257822483,277.136335919515
36,2.495113592476998,1.49106722442131,1.7040070866826742,0.9042742656236895,30.183333333333334,36,3.0,5.0,5.0,10.0,0.000323079394362121,9285.643257822483,277.136335919515
37,2.495113592476998,1.563602276088239,1.784925528482482,0.860078359906473,29.55,36,3.0,5.0,5.0,10.0,0.000323079394362121,9285.643257822483,277.136335919515
38,2.4953155721707962,1.6066075798667825,1.8769040763871663,0.8748287370046911,31.075,37,3.0,5.0,5.0,10.0,0.0003203483597692413,9364.80524564262,273.03177091756356
39,2.4953155721707962,1.5249140219284356,1.7813095036343385,0.9004436292082855,33.19166666666667,37,3.0,5.0,5.0,10.0,0.0003203483597692413,9364.80524564262,273.03177091756356
40,2.4953155721707962,1.530870666719878,1.9548203102163975,0.9224549993237032,30.016666666666666,37,3.0,5.0,5.0,10.0,0.0003203483597692413,9364.80524564262,273.03177091756356
41,2.4953155721707962,1.6507826093331337,1.9439779564522235,0.8681412979904718,34.175,37,3.0,5.0,5.0,10.0,0.0003203483597692413,9364.80524564262,273.03177091756356
42,2.4953155721707962,1.6575085410067947,2.060828711434307,0.8944073777896941,37.225,37,3.0,5.0,5.0,10.0,0.0003203483597692413,9364.80524564262,273.03177091756356
43,2.4953155721707962,1.6470834488662354,2.0816017359655037,0.8739853501199988,35.50833333333333,37,3.0,5.0,5.0,10.0,0.0003203483597692413,9364.80524564262,273.03177091756356
44,2.4953155721707962,1.528575882274672,1.9167180478361048,0.9686094846726611,27.366666666666667,37,3.0,5.0,5.0,10.0,0.0003203483597692413,9364.80524564262,273.03177091756356
45,2.4953155721707962,1.5723791857496214,1.8931220031048315,0.9105304140817121,27.491666666666667,37,3.0,5.0,5.0,10.0,0.0003203483597692413,9364.80524564262,273.03177091756356
46,2.4953155721707962,1.5973086097685583,1.9829935955245768,0.9271347978512506,28.716666666666665,37,3.0,5.0,5.0,10.0,0.0003203483597692413,9364.80524564262,273.03177091756356
47,2.4953155721707962,1.6608204289502466,2.050576806209718,0.8647602436968725,34.71666666666667,37,3.0,5.0,5.0,10.0,0.0003203483597692413,9364.80524564262,273.03177091756356
48,2.4953155721707962,1.5731777382006527,1.7455951464134216,0.857628529377112,32.53333333333333,37,3.0,5.0,5.0,10.0,0.0003203483597692413,9364.80524564262,273.03177091756356
49,2.4953155721707962,1.7158058507951415,2.143577582976474,0.8978131398197118,33.09166666666667,37,3.0,5.0,5.0,10.0,0.0003203483597692413,9364.80524564262,273.03177091756356
50,2.4953155721707962,1.5518228561614356,1.7897614824139767,0.9088402812905773,32.50833333333333,37,3.0,5.0,5.0,10.0,0.0003203483597692413,9364.80524564262,273.03177091756356
51,2.4953155721707962,1.708753971335376,2.0876256547787815,0.8431845454199809,36.825,37,3.0,5.0,5.0,10.0,0.0003203483597692413,9364.80524564262,273.03177091756356
52,2.4953155721707962,1.603572475865208,1.9687241748385564,0.8818677893366202,33.666666666666664,37,3.0,5.0,5.0,10.0,0.0003203483597692413,9364.80524564262,273.03177091756356
53,2.4953155721707962,1.4925034011409297,1.6592848026891756,0.91052768641723,31.275,37,3.0,5.0,5.0,10.0,0.0003203483597692413,9364.80524564262,273.03177091756356
54,2.4953155721707962,1.6599791597071014,2.172549690794961,0.8956494117549327,31.941666666666666,37,3.0,5.0,5.0,10.0,0.0003203483597692413,9364.80524564262,273.03177091756356
55,2.4953155721707962,1.6122229472389094,2.0191479746303327,0.8955251274402882,30.891666666666666,37,3.0,5.0,5.0,10.0,0.0003203483597692413,9364.80524564262,273.03177091756356
56,2.4953155721707962,1.5432468675472686,1.7900697036227982,0.8869738269908063,31.758333333333333,37,3.0,5.0,5.0,10.0,0.0003203483597692413,9364.80524564262,273.03177091756356
57,2.4953155721707962,1.6471847893203706,1.9914344779082906,0.8584204549913677,29.866666666666667,37,3.0,5.0,5.0,10.0,0.0003203483597692413,9364.80524564262,273.03177091756356
58,2.4953155721707962,1.5898864013315723,1.9904597379871096,0.9019311210726773,27.866666666666667,37,3.0,5.0,5.0,10.0,0.0003203483597692413,9364.80524564262,273.03177091756356
59,2.4953155721707962,1.5606356628621938,1.8023900290005452,0.9000129639607619,29.225,37,3.0,5.0,5.0,10.0,0.0003203483597692413,9364.80524564262,273.03177091756356
60,2.4953155721707962,1.7056822575403057,2.24883917578954,0.9085857221595003,29.916666666666668,37,3.0,5.0,5.0,10.0,0.0003203483597692413,9364.80524564262,273.03177091756356
61,2.4953155721707962,1.6380925461149687,1.9684607868214865,0.875632025054182,30.066666666666666,37,3.0,5.0,5.0,10.0,0.0003203483597692413,9364.80524564262,273.03177091756356
62,2.4953155721707962,1.6802696950877423,2.206530967284685,0.9123606035626162,28.85,37,3.0,5.0,5.0,10.0,0.0003203483597692413,9364.80524564262,273.03177091756356
63,2.4953155721707962,1.7390318533840101,2.202701775675445,0.8627803658074245,31.5,37,3.0,5.0,5.0,10.0,0.0003203483597692413,9364.80524564262,273.03177091756356
64,2.4953155721707962,1.5544516554896246,1.7833609204775462,0.8920066282120731,31.108333333333334,37,3.0,5.0,5.0,10.0,0.0003203483597692413,9364.80524564262,273.03177091756356
65,2.4953155721707962,1.648294025292253,1.920387630489511,0.8676178016893288,29.466666666666665,37,3.0,5.0,5.0,10.0,0.0003203483597692413,9364.80524564262,273.03177091756356
66,2.4953779119924,1.603335918090824,1.9921434758725534,0.899682487987006,31.016666666666666,38,3.0,5.0,5.0,10.0,0.00032837040430765986,9136.024320843519,278.5892572924109
67,2.4953779119924,1.5406326868232234,1.655234523157945,0.8459632509119093,31.733333333333334,38,3.0,5.0,5.0,10.0,0.00032837040430765986,9136.024320843519,278.5892572924109
68,2.4953779119924,1.5536196056076301,1.7259503489508883,0.8105627984648592,37.108333333333334,38,3.0,5.0,5.0,10.0,0.00032837040430765986,9136.024320843519,278.5892572924109
69,2.4953779119924,1.5683605381115735,1.8234861378600105,0.8611033027323192,32.65,38,3.0,5.0,5.0,10.0,0.00032837040430765986,9136.024320843519,278.5892572924109
70,2.4953779119924,1.582727573049449,1.8438961137795533,0.8470236314253675,32.96666666666667,38,3.0,5.0,5.0,10.0,0.00032837040430765986,9136.024320843519,278.5892572924109
71,2.4953779119924,1.643290260415384,1.9345458947742094,0.859878040245556,31.308333333333334,38,3.0,5.0,5.0,10.0,0.00032837040430765986,9136.024320843519,278.5892572924109
72,2.4953779119924,1.6790296507328983,2.022656897472806,0.8529367726077526,31.233333333333334,38,3.0,5.0,5.0,10.0,0.00032837040430765986,9136.024320843519,278.5892572924109
73,2.495478665699079,1.4682331265319581,1.303651464745152,0.8776110410765797,28.475,41,3.0,5.0,5.0,10.0,0.0003315398973165716,9048.684711196142,277.8616600349466
74,2.495478665699079,1.7962616468714083,2.2061340155688054,0.814507772196846,34.541666666666664,41,3.0,5.0,5.0,10.0,0.0003315398973165716,9048.684711196142,277.8616600349466
75,2.495478665699079,1.752665726619341,2.1652573449740258,0.7955347812243309,28.725,41,3.0,5.0,5.0,10.0,0.0003315398973165716,9048.684711196142,277.8616600349466
76,2.495478665699079,1.667792404334082,2.087290315659012,0.8386461123467447,33.458333333333336,41,3.0,5.0,5.0,10.0,0.0003315398973165716,9048.684711196142,277.8616600349466
77,2.495478665699079,1.71604035194599,2.102417315495546,0.8448494860057776,32.141666666666666,41,3.0,5.0,5.0,10.0,0.0003315398973165716,9048.684711196142,277.8616600349466
78,2.495478665699079,1.6392214358584745,1.815259083566099,0.8318319826302881,34.13333333333333,41,3.0,5.0,5.0,10.0,0.0003315398973165716,9048.684711196142,277.8616600349466
79,2.495478665699079,1.6802988348669587,1.9986859387101719,0.8586628235697517,33.13333333333333,41,3.0,5.0,5.0,10.0,0.0003315398973165716,9048.684711196142,277.8616600349466
80,2.495478665699079,1.6899413162248655,2.0383800092004014,0.8426701787114402,30.958333333333332,41,3.0,5.0,5.0,10.0,0.0003315398973165716,9048.684711196142,277.8616600349466
81,2.495478665699079,1.579521057978331,1.8518134285720458,0.8677261882780579,31.425,41,3.0,5.0,5.0,10.0,0.0003315398973165716,9048.684711196142,277.8616600349466
82,2.495584646119284,1.726372521211963,2.0853216272853827,0.8331509379107668,35.625,42,3.0,5.0,5.0,10.0,0.0003370245302461994,8901.429215874801,272.36972193090116
83,2.495584646119284,1.6477133167713915,1.994820499494726,0.8494450266091644,29.3,42,3.0,5.0,5.0,10.0,0.0003370245302461994,8901.429215874801,272.36972193090116
84,2.49564946093758,1.6933566584947002,2.0095586104758114,0.82119623864597,31.666666666666668,39,3.0,5.0,5.0,10.0,0.00032172051793181224,9324.863764628906,262.4332289420939
85,2.49564946093758,1.531463211931179,1.6465613402600117,0.8769170073476694,29.666666666666668,39,3.0,5.0,5.0,10.0,0.00032172051793181224,9324.863764628906,262.4332289420939
86,2.49564946093758,1.6338771626973572,1.9552237283189398,0.8605482574470106,34.96666666666667,39,3.0,5.0,5.0,10.0,0.00032172051793181224,9324.863764628906,262.4332289420939
87,2.49564946093758,1.8506224724276163,2.208119862009406,0.7723849759823843,34.63333333333333,39,3.0,5.0,5.0,10.0,0.00032172051793181224,9324.863764628906,262.4332289420939
88,2.49564946093758,1.8639559463902584,2.3432014717537153,0.8047684138978509,32.78333333333333,39,3.0,5.0,5.0,10.0,0.00032172051793181224,9324.863764628906,262.4332289420939
89,2.49564946093758,1.709856357713852,2.1647336488615467,0.8684217798819688,30.775,39,3.0,5.0,5.0,10.0,0.00032172051793181224,9324.863764628906,262.4332289420939
90,2.49564946093758,1.532901368960341,1.6574302660726934,0.8971611527622536,29.616666666666667,39,3.0,5.0,5.0,10.0,0.00032172051793181224,9324.863764628906,262.4332289420939
91,2.4957125006929566,1.7681077678230157,2.1443185508412723,0.8070015562415015,35.833333333333336,39,3.0,5.0,5.0,10.0,0.00021231838668919764,14129.72303897331,255.2721346856074
92,2.4957125006929566,1.7340632243277907,2.0861099534962673,0.7972875428236124,32.233333333333334,39,3.0,5.0,5.0,10.0,0.00021231838668919764,14129.72303897331,255.2721346856074
93,2.4957125006929566,1.5781711068342015,1.697233870946191,0.8695705186399754,31.708333333333332,39,3.0,5.0,5.0,10.0,0.00021231838668919764,14129.72303897331,255.2721346856074
94,2.4957125006929566,1.737067196533499,2.0573591816568855,0.7741009895452767,34.333333333333336,39,3.0,5.0,5.0,10.0,0.00021231838668919764,14129.72303897331,255.2721346856074
95,2.4957125006929566,1.574967936958028,1.8177349078273446,0.8622988555727975,31.5,39,3.0,5.0,5.0,10.0,0.00021231838668919764,14129.72303897331,255.2721346856074
96,2.4957125006929566,1.6487642243703107,1.8835692216081577,0.8228878599510445,35.69166666666667,39,3.0,5.0,5.0,10.0,0.00021231838668919764,14129.72303897331,255.2721346856074
97,2.4957125006929566,1.6816809775182275,2.01254337077725,0.8156654029239634,34.325,39,3.0,5.0,5.0,10.0,0.00021231838668919764,14129.72303897331,255.2721346856074
98,2.4957125006929566,1.718989331990666,2.1042107418816833,0.8152109459041786,33.11666666666667,39,3.0,5.0,5.0,10.0,0.00021231838668919764,14129.72303897331,255.2721346856074
99,2.4957125006929566,1.7869166047668414,2.2643597224910925,0.814492250969398,33.15,39,3.0,5.0,5.0,10.0,0.00021231838668919764,14129.72303897331,255.2721346856074
100,2.4957125006929566,1.7156761741571036,2.0539786193442433,0.820670365962271,29.991666666666667,39,3.0,5.0,5.0,10.0,0.00021231838668919764,14129.72303897331,255.2721346856074
101,2.4957125006929566,1.6921422007139375,2.024439225593392,0.811376880727134,35.166666666666664,39,3.0,5.0,5.0,10.0,0.00021231838668919764,14129.72303897331,255.2721346856074
102,2.4957125006929566,1.6791280200692598,1.9923426518542109,0.8417537734654984,32.3,39,3.0,5.0,5.0,10.0,0.00021231838668919764,14129.72303897331,255.2721346856074
103,2.4957125006929566,1.6302784721016608,1.897360804589058,0.8675017380957551,31.375,39,3.0,5.0,5.0,10.0,0.00021231838668919764,14129.72303897331,255.2721346856074
104,2.4957125006929566,1.4897837473250464,1.5350119275138034,0.9074948946264854,27.05,39,3.0,5.0,5.0,10.0,0.00021231838668919764,14129.72303897331,255.2721346856074
105,2.4957125006929566,1.6930451642510604,2.107599563634494,0.842044707958568,33.61666666666667,39,3.0,5.0,5.0,10.0,0.00021231838668919764,14129.72303897331,255.2721346856074
106,2.4957125006929566,1.5560518834345107,1.7726334672246842,0.91580504356398,32.94166666666667,39,3.0,5.0,5.0,10.0,0.00021231838668919764,14129.72303897331,255.2721346856074
107,2.4957125006929566,1.6139924165843198,1.8103175263295035,0.8631106895321798,34.858333333333334,39,3.0,5.0,5.0,10.0,0.00021231838668919764,14129.72303897331,255.2721346856074
108,2.4957125006929566,1.7965601983309094,2.221020036928397,0.8022065186634051,34.041666666666664,39,3.0,5.0,5.0,10.0,0.00021231838668919764,14129.72303897331,255.2721346856074
109,2.4957125006929566,1.7180087629163423,2.0706175360547654,0.8267122324300902,32.21666666666667,39,3.0,5.0,5.0,10.0,0.00021231838668919764,14129.72303897331,255.2721346856074
110,2.4957125006929566,1.6475463583552643,1.8959744258920153,0.8366368265551816,31.191666666666666,39,3.0,5.0,5.0,10.0,0.00021231838668919764,14129.72303897331,255.2721346856074
111,2.4957125006929566,1.669572716294769,1.9872629828460644,0.8733991907708436,31.675,39,3.0,5.0,5.0,10.0,0.00021231838668919764,14129.72303897331,255.2721346856074
112,2.4957125006929566,1.7077559868773795,2.057030694099406,0.8259345240490056,31.841666666666665,39,3.0,5.0,5.0,10.0,0.00021231838668919764,14129.72303897331,255.2721346856074
113,2.4957839111064617,1.678289499496661,2.2054623122320294,0.904097571913995,29.5,40,3.0,5.0,5.0,10.0,0.00031365370658684296,9564.688498809033,254.5562460118628
114,2.4957839111064617,1.6815106542986873,1.9330184497914393,0.8030071062597678,31.483333333333334,40,3.0,5.0,5.0,10.0,0.00031365370658684296,9564.688498809033,254.5562460118628
115,2.4957839111064617,1.7693544633984477,2.138179214407252,0.8254434435468614,33.175,40,3.0,5.0,5.0,10.0,0.00031365370658684296,9564.688498809033,254.5562460118628
116,2.4957839111064617,1.8079319809048127,2.218489932829004,0.7907708386625406,34.05833333333333,40,3.0,5.0,5.0,10.0,0.00031365370658684296,9564.688498809033,254.5562460118628
117,2.4957839111064617,1.8032330517942854,2.2268021098990842,0.8079932653770427,35.99166666666667,40,3.0,5.0,5.0,10.0,0.00031365370658684296,9564.688498809033,254.5562460118628
118,2.4957839111064617,1.7131928548260118,2.061824263282002,0.818415983195547,35.03333333333333,40,3.0,5.0,5.0,10.0,0.00031365370658684296,9564.688498809033,254.5562460118628
119,2.4957876928219127,1.7981216652645482,2.204154144164059,0.8019536926032137,35.53333333333333,44,3.0,5.0,5.0,10.0,0.0003261548176548814,9198.085809587612,272.919999755171
120,2.4957876928219127,1.7727645360751714,2.1020801725574767,0.7786998662871734,38.625,44,3.0,5.0,5.0,10.0,0.0003261548176548814,9198.085809587612,272.919999755171
121,2.4957876928219127,1.5932814745470665,1.8274382594324372,0.8410292479651031,33.9,44,3.0,5.0,5.0,10.0,0.0003261548176548814,9198.085809587612,272.919999755171
122,2.4957876928219127,1.6893825466203132,1.9897208004691613,0.8459102844296595,35.03333333333333,44,3.0,5.0,5.0,10.0,0.0003261548176548814,9198.085809587612,272.919999755171
123,2.4957876928219127,1.5182793756668729,1.563051879651856,0.8656492257928445,33.15,44,3.0,5.0,5.0,10.0,0.0003261548176548814,9198.085809587612,272.919999755171
124,2.4958269948159253,1.6979156143762018,1.9676121817698426,0.8003156772699374,35.55,43,3.0,5.0,5.0,10.0,0.00033323150628650043,9002.750170389676,253.11114508627043
125,2.4958269948159253,1.7079271887798535,2.137073670003087,0.8485713656420176,32.625,43,3.0,5.0,5.0,10.0,0.00033323150628650043,9002.750170389676,253.11114508627043
126,2.4958269948159253,1.8413109421892508,2.1099053316090277,0.7645245221266201,35.21666666666667,43,3.0,5.0,5.0,10.0,0.00033323150628650043,9002.750170389676,253.11114508627043
127,2.4958269948159253,1.671852932510051,1.9608657662374567,0.8275157107033712,34.25,43,3.0,5.0,5.0,10.0,0.00033323150628650043,9002.750170389676,253.11114508627043
128,2.4958269948159253,1.7596086990275759,2.169874678993568,0.8217019235222413,34.325,43,3.0,5.0,5.0,10.0,0.00033323150628650043,9002.750170389676,253.11114508627043
129,2.4958269948159253,1.7431637151284542,2.1290838950582733,0.80642998186345,33.21666666666667,43,3.0,5.0,5.0,10.0,0.00033323150628650043,9002.750170389676,253.11114508627043
130,2.4958269948159253,1.4727872823414392,1.4878350287262112,0.8828238034396313,32.291666666666664,43,3.0,5.0,5.0,10.0,0.00033323150628650043,9002.750170389676,253.11114508627043
131,2.4958908141972804,1.7046757590372117,2.12940774121782,0.8341389266560333,35.4,43,3.0,5.0,5.0,10.0,0.00033529297905805907,8947.398804555709,250.27963567343087
132,2.4958908141972804,1.7213479688579496,1.9626930835711978,0.8000838294097167,36.291666666666664,43,3.0,5.0,5.0,10.0,0.00033529297905805907,8947.398804555709,250.27963567343087
133,2.4958908141972804,1.7754626013204993,2.20012857014956,0.819513162917022,36.55,43,3.0,5.0,5.0,10.0,0.00033529297905805907,8947.398804555709,250.27963567343087
134,2.4958908141972804,1.7841832306478973,2.1462433634239355,0.7747716814567724,36.6,43,3.0,5.0,5.0,10.0,0.00033529297905805907,8947.398804555709,250.27963567343087
135,2.4958908141972804,1.7931554516622512,2.1459318460911376,0.7678446479146762,35.30833333333333,43,3.0,5.0,5.0,10.0,0.00033529297905805907,8947.398804555709,250.27963567343087
136,2.4958908141972804,1.8620332146481122,2.2589515519483054,0.7449658080244834,36.96666666666667,43,3.0,5.0,5.0,10.0,0.00033529297905805907,8947.398804555709,250.27963567343087
137,2.4958908141972804,1.650714445372348,1.985017074719357,0.843602716175342,35.766666666666666,43,3.0,5.0,5.0,10.0,0.00033529297905805907,8947.398804555709,250.27963567343087
138,2.4958908141972804,1.702684255528298,2.1509313369111513,0.8588024272367021,34.09166666666667,43,3.0,5.0,5.0,10.0,0.00033529297905805907,8947.398804555709,250.27963567343087
139,2.495951287252865,1.7910585535487467,2.0959738249893305,0.7550144815895905,37.575,44,3.0,5.0,5.0,10.0,0.00031030975172152876,9667.759338392281,248.3369173594703
140,2.495951287252865,1.6892852857078433,2.017530372267806,0.8249397088465086,33.25833333333333,44,3.0,5.0,5.0,10.0,0.00031030975172152876,9667.759338392281,248.3369173594703
141,2.495951287252865,1.644273682126945,1.9680319938744057,0.8555084796856689,31.866666666666667,44,3.0,5.0,5.0,10.0,0.00031030975172152876,9667.759338392281,248.3369173594703
142,2.495951287252865,1.7518780276699664,1.979996475559986,0.768633861676666,39.65,44,3.0,5.0,5.0,10.0,0.00031030975172152876,9667.759338392281,248.3369173594703
143,2.495951287252865,1.7967645332516764,2.1115072475764394,0.7811551760573106,34.041666666666664,44,3.0,5.0,5.0,10.0,0.00031030975172152876,9667.759338392281,248.3369173594703
144,2.495951287252865,1.7454094801546811,1.905047747492343,0.766283444407788,36.94166666666667,44,3.0,5.0,5.0,10.0,0.00031030975172152876,9667.759338392281,248.3369173594703
145,2.495951287252865,1.8490232779380598,2.151582531615848,0.7499971071385867,40.666666666666664,44,3.0,5.0,5.0,10.0,0.00031030975172152876,9667.759338392281,248.3369173594703
146,2.495951287252865,1.614028804162112,1.7684581822401912,0.829183301565685,36.025,44,3.0,5.0,5.0,10.0,0.00031030975172152876,9667.759338392281,248.3369173594703
147,2.495951287252865,1.7357714247267118,2.1131499107155376,0.8159931768359001,39.44166666666667,44,3.0,5.0,5.0,10.0,0.00031030975172152876,9667.759338392281,248.3369173594703
148,2.495951287252865,1.725540536576868,2.0654500766353316,0.8017327053895397,37.96666666666667,44,3.0,5.0,5.0,10.0,0.00031030975172152876,9667.759338392281,248.3369173594703
149,2.495951287252865,1.7517114252279253,1.9523471560900345,0.7825019601389457,38.175,44,3.0,5.0,5.0,10.0,0.00031030975172152876,9667.759338392281,248.3369173594703
150,2.495951287252865,1.8068652734029098,2.221205768093429,0.8209189894624865,38.65833333333333,44,3.0,5.0,5.0,10.0,0.00031030975172152876,9667.759338392281,248.3369173594703
151,2.495951287252865,1.7680652087339668,2.0472658018798526,0.7828488319905865,34.44166666666667,44,3.0,5.0,5.0,10.0,0.00031030975172152876,9667.759338392281,248.3369173594703
152,2.495951287252865,1.7907599596818813,2.0708284287761556,0.740676776738533,39.825,44,3.0,5.0,5.0,10.0,0.00031030975172152876,9667.759338392281,248.3369173594703
153,2.495951287252865,1.8018458374671442,2.0802872061548845,0.7778234025827486,36.208333333333336,44,3.0,5.0,5.0,10.0,0.00031030975172152876,9667.759338392281,248.3369173594703
154,2.495951287252865,1.70628347199039,1.9137838637057363,0.816546156359547,33.108333333333334,44,3.0,5.0,5.0,10.0,0.00031030975172152876,9667.759338392281,248.3369173594703
155,2.495951287252865,1.8332352109214236,2.190231282348151,0.7607544997320067,39.55833333333333,44,3.0,5.0,5.0,10.0,0.00031030975172152876,9667.759338392281,248.3369173594703
156,2.496096140113731,1.8062771178186214,2.0889146058896606,0.7778105076138725,38.775,44,3.0,5.0,5.0,10.0,0.0003524732462765409,8511.28427956283,238.99812286633167
157,2.496096140113731,1.7549023639932844,2.214696253853985,0.8365139111212901,37.68333333333333,44,3.0,5.0,5.0,10.0,0.0003524732462765409,8511.28427956283,238.99812286633167
158,2.496096140113731,1.6543581369268547,1.7951183310481484,0.8081832661283745,38.34166666666667,44,3.0,5.0,5.0,10.0,0.0003524732462765409,8511.28427956283,238.99812286633167
159,2.496096140113731,1.7661766181238474,2.1863100942707248,0.8177130383274259,36.725,44,3.0,5.0,5.0,10.0,0.0003524732462765409,8511.28427956283,238.99812286633167
160,2.496096140113731,1.7475518268494576,2.111061911431098,0.8115348023885134,34.983333333333334,44,3.0,5.0,5.0,10.0,0.0003524732462765409,8511.28427956283,238.99812286633167
161,2.496096140113731,1.8644285295936356,2.1340359814110963,0.7089461779163203,36.68333333333333,44,3.0,5.0,5.0,10.0,0.0003524732462765409,8511.28427956283,238.99812286633167
162,2.496096140113731,1.649890680038923,1.8932233285254005,0.82483151709184,34.891666666666666,44,3.0,5.0,5.0,10.0,0.0003524732462765409,8511.28427956283,238.99812286633167
163,2.496096140113731,1.6966016183606778,2.0750487357763534,0.8389018447261399,35.09166666666667,44,3.0,5.0,5.0,10.0,0.0003524732462765409,8511.28427956283,238.99812286633167
164,2.496096140113731,1.7321717455842396,2.0421172239044907,0.7771070410182144,35.9,44,3.0,5.0,5.0,10.0,0.0003524732462765409,8511.28427956283,238.99812286633167
165,2.496096140113731,1.7495340130091603,2.156887984719876,0.8317686424632775,34.65,44,3.0,5.0,5.0,10.0,0.0003524732462765409,8511.28427956283,238.99812286633167
166,2.496096140113731,1.647103539277986,1.7961380508155638,0.8506161238175537,31.066666666666666,44,3.0,5.0,5.0,10.0,0.0003524732462765409,8511.28427956283,238.99812286633167
167,2.496096140113731,1.6508091332904717,2.0266803839526784,0.8947773949348637,32.575,44,3.0,5.0,5.0,10.0,0.0003524732462765409,8511.28427956283,238.99812286633167
168,2.496096140113731,1.740473283936535,2.0926839939991124,0.7943138687206656,35.875,44,3.0,5.0,5.0,10.0,0.0003524732462765409,8511.28427956283,238.99812286633167
169,2.496096140113731,1.7469130503146744,2.026620592815802,0.8084424394895916,35.858333333333334,44,3.0,5.0,5.0,10.0,0.0003524732462765409,8511.28427956283,238.99812286633167
170,2.496096140113731,1.7419325359685118,2.092777849700181,0.7871796268189747,40.8,44,3.0,5.0,5.0,10.0,0.0003524732462765409,8511.28427956283,238.99812286633167
171,2.496096140113731,1.6429007462032494,1.8342006522602428,0.8394328277897899,36.125,44,3.0,5.0,5.0,10.0,0.0003524732462765409,8511.28427956283,238.99812286633167
172,2.496096140113731,1.7424109081419847,2.1636812695393806,0.8252044170561691,37.541666666666664,44,3.0,5.0,5.0,10.0,0.0003524732462765409,8511.28427956283,238.99812286633167
173,2.496096140113731,1.7585886000419038,2.106022173220124,0.7645168287800155,39.875,44,3.0,5.0,5.0,10.0,0.0003524732462765409,8511.28427956283,238.99812286633167
174,2.496096140113731,1.7690442577537993,2.0986133734581554,0.7948181984509619,37.05833333333333,44,3.0,5.0,5.0,10.0,0.0003524732462765409,8511.28427956283,238.99812286633167
175,2.496096140113731,1.6704804817947831,1.9331621320269134,0.8179761390447771,37.24166666666667,44,3.0,5.0,5.0,10.0,0.0003524732462765409,8511.28427956283,238.99812286633167
176,2.496096140113731,1.6929246011771446,2.090500482572448,0.8273503327382125,37.55,44,3.0,5.0,5.0,10.0,0.0003524732462765409,8511.28427956283,238.99812286633167
177,2.496096140113731,1.7261256260584708,2.0184667076922858,0.8023202529616823,37.141666666666666,44,3.0,5.0,5.0,10.0,0.0003524732462765409,8511.28427956283,238.99812286633167
178,2.496096140113731,1.7677538670053081,2.1631007736874523,0.7831142385977428,36.675,44,3.0,5.0,5.0,10.0,0.0003524732462765409,8511.28427956283,238.99812286633167
179,2.496096140113731,1.7704006476064804,2.1702536981147404,0.8369977213797349,35.25,44,3.0,5.0,5.0,10.0,0.0003524732462765409,8511.28427956283,238.99812286633167
180,2.496096140113731,1.7261818388306098,2.0744700772467066,0.8525245777655225,35.675,44,3.0,5.0,5.0,10.0,0.0003524732462765409,8511.28427956283,238.99812286633167
181,2.496096140113731,1.7552110296737728,2.097989190875568,0.8055006379742438,36.225,44,3.0,5.0,5.0,10.0,0.0003524732462765409,8511.28427956283,238.99812286633167
182,2.496096140113731,1.655586664683899,1.9266707880155192,0.8311978826014926,32.36666666666667,44,3.0,5.0,5.0,10.0,0.0003524732462765409,8511.28427956283,238.99812286633167
183,2.496096140113731,1.768331626697118,2.0784433503162627,0.7765990939495914,37.166666666666664,44,3.0,5.0,5.0,10.0,0.0003524732462765409,8511.28427956283,238.99812286633167
184,2.496096140113731,1.6651273759452745,1.9623086350551557,0.8550667546738396,36.275,44,3.0,5.0,5.0,10.0,0.0003524732462765409,8511.28427956283,238.99812286633167
185,2.496096140113731,1.6933382160012276,1.997540476430206,0.807699712795468,37.0,44,3.0,5.0,5.0,10.0,0.0003524732462765409,8511.28427956283,238.99812286633167
186,2.496096140113731,1.738086389058403,1.9827112740380688,0.7840425399975913,33.475,44,3.0,5.0,5.0,10.0,0.0003524732462765409,8511.28427956283,238.99812286633167
187,2.496096140113731,1.7322843032507673,2.0558077798534637,0.7970674907401312,36.275,44,3.0,5.0,5.0,10.0,0.0003524732462765409,8511.28427956283,238.99812286633167
188,2.496096140113731,1.8388854699591666,2.1588445524334494,0.7610799737561358,34.916666666666664,44,3.0,5.0,5.0,10.0,0.0003524732462765409,8511.28427956283,238.99812286633167
189,2.496096140113731,1.689294848329159,1.9442078574583912,0.8204163979160691,32.50833333333333,44,3.0,5.0,5.0,10.0,0.0003524732462765409,8511.28427956283,238.99812286633167
190,2.496096140113731,1.74296596845945,1.977618463187353,0.754476947464743,36.625,44,3.0,5.0,5.0,10.0,0.0003524732462765409,8511.28427956283,238.99812286633167
191,2.496096140113731,1.786630643565341,2.166322522992994,0.8234655797659306,38.80833333333333,44,3.0,5.0,5.0,10.0,0.0003524732462765409,8511.28427956283,238.99812286633167
192,2.496096140113731,1.7260085556522038,2.1035233279014203,0.841943295177734,36.125,44,3.0,5.0,5.0,10.0,0.0003524732462765409,8511.28427956283,238.99812286633167
193,2.496096140113731,1.800882212667655,2.1089843422240087,0.7590783560185654,39.2,44,3.0,5.0,5.0,10.0,0.0003524732462765409,8511.28427956283,238.99812286633167
194,2.496096140113731,1.7298412518677408,2.028108485554152,0.8138951833606703,36.05,44,3.0,5.0,5.0,10.0,0.0003524732462765409,8511.28427956283,238.99812286633167
195,2.496096140113731,1.7747068279414004,2.203325331876934,0.8533538554254343,39.06666666666667,44,3.0,5.0,5.0,10.0,0.0003524732462765409,8511.28427956283,238.99812286633167
196,2.496096140113731,1.6436666051846485,1.8182209273870726,0.8049441014717762,36.93333333333333,44,3.0,5.0,5.0,10.0,0.0003524732462765409,8511.28427956283,238.99812286633167
197,2.496096140113731,1.7645275835089982,2.1695409398537153,0.8216826594382065,37.19166666666667,44,3.0,5.0,5.0,10.0,0.0003524732462765409,8511.28427956283,238.99812286633167
198,2.496096140113731,1.6457958210499541,1.9215814642444085,0.8271800225566482,39.40833333333333,44,3.0,5.0,5.0,10.0,0.0003524732462765409,8511.28427956283,238.99812286633167
199,2.496096140113731,1.7980913034842,2.1013279479727713,0.7684009777557369,41.858333333333334,44,3.0,5.0,5.0,10.0,0.0003524732462765409,8511.28427956283,238.99812286633167
200,2.4961296628024674,1.7690897377550499,2.1561828378923513,0.8221264758440942,37.625,44,3.0,5.0,5.0,10.0,0.0003232313651388167,9281.277510651244,239.08638982022975
201,2.4961296628024674,1.6024593603901371,1.6967243415778142,0.8297564901477346,34.5,44,3.0,5.0,5.0,10.0,0.0003232313651388167,9281.277510651244,239.08638982022975
202,2.4961296628024674,1.6730296886743088,1.9536071925215839,0.8256835851639756,34.141666666666666,44,3.0,5.0,5.0,10.0,0.0003232313651388167,9281.277510651244,239.08638982022975
203,2.4961296628024674,1.6859261639016054,1.9424764836338069,0.8105841075834247,36.65833333333333,44,3.0,5.0,5.0,10.0,0.0003232313651388167,9281.277510651244,239.08638982022975
204,2.4961296628024674,1.699516564004999,1.9120269649873824,0.7968838445885622,35.325,44,3.0,5.0,5.0,10.0,0.0003232313651388167,9281.277510651244,239.08638982022975
205,2.4961296628024674,1.7737234391007726,2.0901407593178907,0.7711336240019964,39.25833333333333,44,3.0,5.0,5.0,10.0,0.0003232313651388167,9281.277510651244,239.08638982022975
206,2.4961296628024674,1.7549588148843498,1.9899182500863482,0.735809045614074,40.016666666666666,44,3.0,5.0,5.0,10.0,0.0003232313651388167,9281.277510651244,239.08638982022975
207,2.4961296628024674,1.783955698977733,2.0656905146836455,0.7673932029168195,38.45,44,3.0,5.0,5.0,10.0,0.0003232313651388167,9281.277510651244,239.08638982022975
208,2.496135042278457,1.8399967971990328,2.294266006010928,0.7731735396312952,34.31666666666667,44,3.0,5.0,5.0,10.0,0.0003270517868283454,9172.859225424638,241.91613402106913
209,2.496140312274185,1.6986385568063633,1.9914804901987033,0.7880021565262254,35.625,44,3.0,5.0,5.0,10.0,0.0003164162689557741,9481.181261319132,235.23211434259628
210,2.496140312274185,1.7219712742151776,1.982402611761625,0.7978652942564189,36.825,44,3.0,5.0,5.0,10.0,0.0003164162689557741,9481.181261319132,235.23211434259628
211,2.496140312274185,1.7302146271141159,2.1315176678344696,0.8160811617135354,41.88333333333333,44,3.0,5.0,5.0,10.0,0.0003164162689557741,9481.181261319132,235.23211434259628
212,2.496140312274185,1.8305731209516938,2.287022725063804,0.7928666343630341,37.825,44,3.0,5.0,5.0,10.0,0.0003164162689557741,9481.181261319132,235.23211434259628
213,2.496140312274185,1.7785466218901036,2.1626743286909633,0.7961547093841964,37.375,44,3.0,5.0,5.0,10.0,0.0003164162689557741,9481.181261319132,235.23211434259628
214,2.496140312274185,1.788458408061137,2.0521729710919834,0.7548866831166532,38.608333333333334,44,3.0,5.0,5.0,10.0,0.0003164162689557741,9481.181261319132,235.23211434259628
215,2.496140312274185,1.7529250700603172,2.0185936211177977,0.7923146994091039,34.425,44,3.0,5.0,5.0,10.0,0.0003164162689557741,9481.181261319132,235.23211434259628
216,2.496140312274185,1.6417364055665773,1.83144088156407,0.7921306802059425,34.55,44,3.0,5.0,5.0,10.0,0.0003164162689557741,9481.181261319132,235.23211434259628
217,2.496140312274185,1.7718566762612293,2.0729736588433267,0.7703102768963546,39.95,44,3.0,5.0,5.0,10.0,0.0003164162689557741,9481.181261319132,235.23211434259628
218,2.496140312274185,1.7490819209151094,2.1036444463154287,0.8124735487536525,38.13333333333333,44,3.0,5.0,5.0,10.0,0.0003164162689557741,9481.181261319132,235.23211434259628
219,2.496140312274185,1.7382243246826443,1.9678018078736494,0.7746932899910438,35.0,44,3.0,5.0,5.0,10.0,0.0003164162689557741,9481.181261319132,235.23211434259628
220,2.496140312274185,1.7237171324149072,2.131706111412191,0.8299505142769348,32.625,44,3.0,5.0,5.0,10.0,0.0003164162689557741,9481.181261319132,235.23211434259628
221,2.496140312274185,1.7336022449685258,2.069891652983838,0.804449723820003,36.791666666666664,44,3.0,5.0,5.0,10.0,0.0003164162689557741,9481.181261319132,235.23211434259628
222,2.496140312274185,1.7345051869883519,2.0277380871368367,0.788897189427546,34.525,44,3.0,5.0,5.0,10.0,0.0003164162689557741,9481.181261319132,235.23211434259628
223,2.496140312274185,1.6699705376195786,1.879448876595616,0.8293689868935765,36.50833333333333,44,3.0,5.0,5.0,10.0,0.0003164162689557741,9481.181261319132,235.23211434259628
224,2.496140312274185,1.7164155416464042,2.063516091065565,0.8105055916330511,38.766666666666666,44,3.0,5.0,5.0,10.0,0.0003164162689557741,9481.181261319132,235.23211434259628
225,2.496140312274185,1.7108680083162144,1.8363984085630234,0.7678236422657945,36.416666666666664,44,3.0,5.0,5.0,10.0,0.0003164162689557741,9481.181261319132,235.23211434259628
226,2.4961463517411833,1.6632796422041585,1.9156337206898173,0.8394875588477803,34.31666666666667,43,3.0,5.0,5.0,10.0,0.00031357029620874215,9567.23272667037,232.05574371058495
227,2.4961463517411833,1.756814783063904,2.1097423048205743,0.7869597269518734,38.175,43,3.0,5.0,5.0,10.0,0.00031357029620874215,9567.23272667037,232.05574371058495
228,2.4961463517411833,1.7074612390534045,2.0335673725709436,0.7897589378428053,40.333333333333336,43,3.0,5.0,5.0,10.0,0.00031357029620874215,9567.23272667037,232.05574371058495
229,2.4961463517411833,1.7241731319039724,2.096689856082173,0.8233064321495349,38.78333333333333,43,3.0,5.0,5.0,10.0,0.00031357029620874215,9567.23272667037,232.05574371058495
230,2.4961463517411833,1.8082605883839185,2.026267841434625,0.7241282183356487,42.65,43,3.0,5.0,5.0,10.0,0.00031357029620874215,9567.23272667037,232.05574371058495
231,2.4961463517411833,1.742397511911255,2.0977231122899562,0.7736845706374479,36.791666666666664,43,3.0,5.0,5.0,10.0,0.00031357029620874215,9567.23272667037,232.05574371058495
232,2.4961463517411833,1.7278819293693246,2.011765944393836,0.7851083669582535,40.525,43,3.0,5.0,5.0,10.0,0.00031357029620874215,9567.23272667037,232.05574371058495
233,2.4961463517411833,1.6282116683519239,1.917787835220132,0.8226808810578458,36.833333333333336,43,3.0,5.0,5.0,10.0,0.00031357029620874215,9567.23272667037,232.05574371058495
234,2.4961463517411833,1.8307924795094799,2.148921728681311,0.7459095125714404,41.708333333333336,43,3.0,5.0,5.0,10.0,0.00031357029620874215,9567.23272667037,232.05574371058495
235,2.4961463517411833,1.92898652843123,2.2681816177328766,0.7441746517369683,41.18333333333333,43,3.0,5.0,5.0,10.0,0.00031357029620874215,9567.23272667037,232.05574371058495
236,2.4961463517411833,1.7698600538570142,2.0710288987266376,0.7720661975755665,36.041666666666664,43,3.0,5.0,5.0,10.0,0.00031357029620874215,9567.23272667037,232.05574371058495
237,2.4961463517411833,1.6494922224999693,1.6692063122201217,0.7905763574377466,36.375,43,3.0,5.0,5.0,10.0,0.00031357029620874215,9567.23272667037,232.05574371058495
238,2.4961463517411833,1.7637453384215447,2.101892406710647,0.7989814061176977,39.36666666666667,43,3.0,5.0,5.0,10.0,0.00031357029620874215,9567.23272667037,232.05574371058495
239,2.4961463517411833,1.7144241418051194,2.0442145959443088,0.8084193323692814,35.983333333333334,43,3.0,5.0,5.0,10.0,0.00031357029620874215,9567.23272667037,232.05574371058495
240,2.4961463517411833,1.8730992766851642,2.238688254268758,0.7498810796326513,39.166666666666664,43,3.0,5.0,5.0,10.0,0.00031357029620874215,9567.23272667037,232.05574371058495
241,2.4961463517411833,1.7189998947527652,2.1287043504139476,0.8267586458287856,37.06666666666667,43,3.0,5.0,5.0,10.0,0.00031357029620874215,9567.23272667037,232.05574371058495
242,2.4961463517411833,1.781915699009255,2.1103062453014445,0.7723091998675257,35.25833333333333,43,3.0,5.0,5.0,10.0,0.00031357029620874215,9567.23272667037,232.05574371058495
243,2.4961463517411833,1.6881337966230532,1.983503682153089,0.8092424299100757,35.43333333333333,43,3.0,5.0,5.0,10.0,0.00031357029620874215,9567.23272667037,232.05574371058495
244,2.4961463517411833,1.8187461395646394,2.1670366284706644,0.7378558868261538,37.891666666666666,43,3.0,5.0,5.0,10.0,0.00031357029620874215,9567.23272667037,232.05574371058495
245,2.4961463517411833,1.7455798698766936,1.9841411882182032,0.7525422165006966,38.375,43,3.0,5.0,5.0,10.0,0.00031357029620874215,9567.23272667037,232.05574371058495
246,2.4961463517411833,1.537827418329484,1.5820231327039942,0.7983542767001743,37.45,43,3.0,5.0,5.0,10.0,0.00031357029620874215,9567.23272667037,232.05574371058495
247,2.4961463517411833,1.683016600494123,1.8424328869544955,0.777094023177047,37.78333333333333,43,3.0,5.0,5.0,10.0,0.00031357029620874215,9567.23272667037,232.05574371058495
248,2.4961463517411833,1.794903910637305,2.041099805101707,0.7548434088765783,41.208333333333336,43,3.0,5.0,5.0,10.0,0.00031357029620874215,9567.23272667037,232.05574371058495
249,2.4961463517411833,1.776778297906986,2.0613248579469667,0.7590683942299363,40.275,43,3.0,5.0,5.0,10.0,0.00031357029620874215,9567.23272667037,232.05574371058495
